Terms,TF,TFIDFN
aamiin,0,0.0
abi,0,0.0
abistu,0,0.0
about,0,0.0
abu,0,0.0
abuan,0,0.0
abungakak,0,0.0
ac,0,0.0
acak,0,0.0
acakan,0,0.0
acara,0,0.0
accutan,0,0.0
acid,0,0.0
acn,0,0.0
acon,0,0.0
activ,0,0.0
ad,0,0.0
adem,0,0.0
adik,0,0.0
aduh,0,0.0
aer,0,0.0
afford,0,0.0
afterwash,0,0.0
again,0,0.0
age,0,0.0
ahahahhahaha,0,0.0
air,0,0.0
ajja,0,0.0
akal,0,0.0
akali,0,0.0
akhlaknya,0,0.0
akrab,0,0.0
aktif,0,0.0
aktifita,0,0.0
aku,0,0.0
akun,0,0.0
ala,0,0.0
alam,0,0.0
alas,0,0.0
alasan,0,0.0
alcohol,0,0.0
alcoholnya,0,0.0
alergi,0,0.0
alergisensitif,0,0.0
alhamdulilah,0,0.0
alhamdulillah,0,0.0
ali,0,0.0
alisnya,0,0.0
all,0,0.0
alo,0,0.0
alpha,0,0.0
alway,0,0.0
amandok,0,0.0
amankah,0,0.0
ambil,0,0.0
amn,0,0.0
ampuh,0,0.0
ampun,0,0.0
an,0,0.0
anak,0,0.0
anaknya,0,0.0
and,0,0.0
andalan,0,0.0
andalanku,0,0.0
aneh,0,0.0
angel,0,0.0
anggun,0,0.0
angin,0,0.0
anim,0,0.0
anteng,0,0.0
anti,0,0.0
anw,0,0.0
anyway,0,0.0
anzora,0,0.0
apa,0,0.0
apaaa,0,0.0
apaansi,0,0.0
apahh,0,0.0
apakh,0,0.0
apasaya,0,0.0
apasi,0,0.0
apaygcocokdan,0,0.0
aplgi,0,0.0
aplikasi,0,0.0
aplikasiin,0,0.0
aplikasikan,0,0.0
approv,0,0.0
apu,0,0.0
aqua,0,0.0
arbutin,0,0.0
area,0,0.0
areng,0,0.0
aroma,0,0.0
aromanya,0,0.0
artinyaa,0,0.0
artist,0,0.0
as,0,0.0
asa,0,0.0
asal,0,0.0
asalamualaikumdok,0,0.0
asia,0,0.0
asik,0,0.0
asistennya,0,0.0
asli,0,0.0
aslik,0,0.0
aslinya,0,0.0
assalammulaikum,0,0.0
assalamualaikum,0,0.0
assalamuikum,0,0.0
at,0,0.0
atas,0,0.0
athenagroupsmitrajkta,0,0.0
atou,0,0.0
atuh,0,0.0
atw,0,0.0
aura,0,0.0
auranya,0,0.0
auto,0,0.0
avoskin,0,0.0
awa,0,0.0
awar,0,0.0
awat,0,0.0
awet,0,0.0
awlan,0,0.0
ayu,0,0.0
azzarin,0,0.0
azzura,0,0.0
babi,0,0.0
bad,0,0.0
badanku,0,0.0
bagi,0,0.0
bagiku,0,0.0
bagisetiap,0,0.0
bagusan,0,0.0
bagusni,0,0.0
bagusnya,0,0.0
bahannya,0,0.0
bahas,0,0.0
bahasan,0,0.0
bahaya,0,0.0
baik,0,0.0
baiknya,0,0.0
bala,0,0.0
balapan,0,0.0
bale,0,0.0
banter,0,0.0
bantu,0,0.0
bantuan,0,0.0
bantuanya,0,0.0
banyaakk,0,0.0
banyakan,0,0.0
barang,0,0.0
barengi,0,0.0
barunya,0,0.0
barusan,0,0.0
baruu,0,0.0
basic,0,0.0
batangan,0,0.0
batas,0,0.0
bau,0,0.0
bawaan,0,0.0
bawahnya,0,0.0
bbisa,0,0.0
bbrpa,0,0.0
bdak,0,0.0
bdk,0,0.0
be,0,0.0
beba,0,0.0
beda,0,0.0
bedakan,0,0.0
bedakmalah,0,0.0
bedaknya,0,0.0
bedaksetelah,0,0.0
bedanya,0,0.0
bedek,0,0.0
begadang,0,0.0
bekad,0,0.0
bekasnya,0,0.0
bekuahh,0,0.0
bel,0,0.0
belajar,0,0.0
beleb,0,0.0
beli,0,0.0
belinya,0,0.0
belo,0,0.0
belom,0,0.0
bentuk,0,0.0
bera,0,0.0
beraktivita,0,0.0
beralih,0,0.0
berambut,0,0.0
berantakan,0,0.0
berbagi,0,0.0
berbahaya,0,0.0
berbeda,0,0.0
berburu,0,0.0
berdiri,0,0.0
bergejolak,0,0.0
bergerak,0,0.0
berguna,0,0.0
berharap,0,0.0
berhenti,0,0.0
berhubungan,0,0.0
berjerawat,0,0.0
berjerawatberminyakdan,0,0.0
berjerawatklo,0,0.0
berkali,0,0.0
berkeringan,0,0.0
berkeringat,0,0.0
berkeriput,0,0.0
berkomedo,0,0.0
berkuah,0,0.0
berkurang,0,0.0
berlaku,0,0.0
berlebih,0,0.0
berlian,0,0.0
bermanfaat,0,0.0
bermasalah,0,0.0
bermercuri,0,0.0
berminyak,0,0.0
berminyakbedak,0,0.0
berpal,0,0.0
berpom,0,0.0
bersahabat,0,0.0
bersihkn,0,0.0
bersinar,0,0.0
bersisik,0,0.0
bersyukur,0,0.0
bertahun,0,0.0
bertanyaklw,0,0.0
bertekstur,0,0.0
bertopeng,0,0.0
berubah,0,0.0
berumur,0,0.0
beruntung,0,0.0
beruntusan,0,0.0
berusaha,0,0.0
besoknya,0,0.0
betapac,0,0.0
bg,0,0.0
biar,0,0.0
biarin,0,0.0
biasani,0,0.0
biaya,0,0.0
bibirnya,0,0.0
bila,0,0.0
bintang,0,0.0
birunya,0,0.0
bisaa,0,0.0
biyayanya,0,0.0
bkntlg,0,0.0
bl,0,0.0
blace,0,0.0
blam,0,0.0
blamnya,0,0.0
bland,0,0.0
blb,0,0.0
bleh,0,0.0
blender,0,0.0
blendernya,0,0.0
blepotan,0,0.0
blh,0,0.0
bln,0,0.0
blp,0,0.0
blushnya,0,0.0
blz,0,0.0
bntrlngsng,0,0.0
bnyak,0,0.0
bodeh,0,0.0
bokeh,0,0.0
bole,0,0.0
bosan,0,0.0
boster,0,0.0
brartiii,0,0.0
breapa,0,0.0
brebe,0,0.0
brebess,0,0.0
breyle,0,0.0
brghtene,0,0.0
brighten,0,0.0
brigthen,0,0.0
brilian,0,0.0
brlajar,0,0.0
brliant,0,0.0
bronzer,0,0.0
bronzernya,0,0.0
brow,0,0.0
brp,0,0.0
brpengaruh,0,0.0
brush,0,0.0
bsok,0,0.0
bt,0,0.0
buatan,0,0.0
bukanni,0,0.0
bun,0,0.0
busui,0,0.0
but,0,0.0
butir,0,0.0
buuatan,0,0.0
bwt,0,0.0
by,0,0.0
cakepan,0,0.0
cakepnya,0,0.0
cantiknya,0,0.0
cap,0,0.0
cape,0,0.0
caraaa,0,0.0
cck,0,0.0
cekitnya,0,0.0
cerah,0,0.0
ceramid,0,0.0
ceramidenya,0,0.0
cetapil,0,0.0
cethapil,0,0.0
charismalux,0,0.0
ci,0,0.0
cici,0,0.0
cii,0,0.0
ciiii,0,0.0
cina,0,0.0
cindyn,0,0.0
cipta,0,0.0
citra,0,0.0
clar,0,0.0
cleanser,0,0.0
cmpur,0,0.0
cocokan,0,0.0
cocokk,0,0.0
cocoknya,0,0.0
coklat,0,0.0
collagen,0,0.0
collect,0,0.0
color,0,0.0
concealernya,0,0.0
conclear,0,0.0
consultasi,0,0.0
contourbronzernya,0,0.0
corrector,0,0.0
corsx,0,0.0
cossusamn,0,0.0
coushen,0,0.0
cousion,0,0.0
cra,0,0.0
cram,0,0.0
creamnight,0,0.0
creamnya,0,0.0
creamq,0,0.0
creamsetelah,0,0.0
creamssbedak,0,0.0
creamtr,0,0.0
cremnya,0,0.0
crhomosom,0,0.0
crim,0,0.0
cucunya,0,0.0
cuson,0,0.0
cusson,0,0.0
cussuon,0,0.0
cz,0,0.0
dagingnya,0,0.0
dalem,0,0.0
damian,0,0.0
dana,0,0.0
darkcirclepakai,0,0.0
dasarnya,0,0.0
daycream,0,0.0
daysusah,0,0.0
dempulnya,0,0.0
derma,0,0.0
dermat,0,0.0
deskripsikan,0,0.0
dgeser,0,0.0
dgr,0,0.0
diajak,0,0.0
diaku,0,0.0
diamkn,0,0.0
diata,0,0.0
dibaha,0,0.0
dibalik,0,0.0
diband,0,0.0
dibandingkan,0,0.0
dibantu,0,0.0
dibarengi,0,0.0
dibawa,0,0.0
dibawah,0,0.0
dibe,0,0.0
dibibir,0,0.0
dibikinin,0,0.0
dibilang,0,0.0
dibuang,0,0.0
dibwa,0,0.0
dicampur,0,0.0
dicek,0,0.0
dicoba,0,0.0
did,0,0.0
difoto,0,0.0
diganti,0,0.0
digerai,0,0.0
diglobalkan,0,0.0
digosok,0,0.0
dihari,0,0.0
dihati,0,0.0
dikamera,0,0.0
dikantong,0,0.0
dikasih,0,0.0
dikk,0,0.0
dikulit,0,0.0
dikuncir,0,0.0
dilab,0,0.0
diman,0,0.0
dimuka,0,0.0
diol,0,0.0
dioxid,0,0.0
dipakai,0,0.0
dipegang,0,0.0
dipk,0,0.0
diput,0,0.0
diratain,0,0.0
dirimu,0,0.0
disekitar,0,0.0
disertai,0,0.0
diset,0,0.0
disitu,0,0.0
ditambah,0,0.0
ditempat,0,0.0
ditimpa,0,0.0
dituli,0,0.0
ditunggu,0,0.0
diubah,0,0.0
diwajah,0,0.0
diwajahku,0,0.0
dl,0,0.0
dluu,0,0.0
dna,0,0.0
do,0,0.0
doc,0,0.0
dock,0,0.0
docter,0,0.0
dokbedak,0,0.0
doker,0,0.0
dokk,0,0.0
doklgsg,0,0.0
dokmhon,0,0.0
dokmksh,0,0.0
dokmurc,0,0.0
dokmw,0,0.0
dokpixi,0,0.0
dokt,0,0.0
dokteraku,0,0.0
dokterboleh,0,0.0
dokterkecuali,0,0.0
doktersaya,0,0.0
doktlog,0,0.0
doktr,0,0.0
dompetku,0,0.0
dong,0,0.0
donganak,0,0.0
dongbiar,0,0.0
dongg,0,0.0
donggggg,0,0.0
donkyang,0,0.0
doookkksdg,0,0.0
down,0,0.0
dpkek,0,0.0
dripada,0,0.0
drkulit,0,0.0
dsini,0,0.0
dtr,0,0.0
dua,0,0.0
dum,0,0.0
efeknya,0,0.0
emeron,0,0.0
empat,0,0.0
enga,0,0.0
engk,0,0.0
enjoy,0,0.0
erti,0,0.0
esok,0,0.0
este,0,0.0
exfoliasi,0,0.0
exp,0,0.0
exslusif,0,0.0
eyebrow,0,0.0
fair,0,0.0
fastderm,0,0.0
feali,0,0.0
felek,0,0.0
fenni,0,0.0
ff,0,0.0
flac,0,0.0
flew,0,0.0
flex,0,0.0
fondasen,0,0.0
fondesen,0,0.0
for,0,0.0
formal,0,0.0
foundatioun,0,0.0
fran,0,0.0
freckl,0,0.0
from,0,0.0
fungsi,0,0.0
gaa,0,0.0
gabteng,0,0.0
gabung,0,0.0
gabungin,0,0.0
gadi,0,0.0
gag,0,0.0
gamellan,0,0.0
gapap,0,0.0
gaperlu,0,0.0
gasi,0,0.0
gatahan,0,0.0
gatrl,0,0.0
gayanya,0,0.0
gbisa,0,0.0
gedenya,0,0.0
gelipasti,0,0.0
gemana,0,0.0
gendutan,0,0.0
gi,0,0.0
gianna,0,0.0
giat,0,0.0
gie,0,0.0
gimna,0,0.0
gini,0,0.0
gituan,0,0.0
gktolong,0,0.0
glad,0,0.0
glowboleh,0,0.0
glowm,0,0.0
glowsi,0,0.0
glowskin,0,0.0
gntiin,0,0.0
graduasi,0,0.0
granola,0,0.0
gtuhlscmn,0,0.0
gtuuu,0,0.0
guna,0,0.0
gusion,0,0.0
gx,0,0.0
habisnya,0,0.0
habizzz,0,0.0
had,0,0.0
hahaa,0,0.0
haii,0,0.0
haja,0,0.0
hakim,0,0.0
hali,0,0.0
halo,1,1.0
haluskulit,0,0.0
hanasui,0,0.0
hanazui,0,0.0
handbodi,0,0.0
harapan,0,0.0
harganya,0,0.0
hari,0,0.0
harian,0,0.0
hasil,0,0.0
hasilnya,0,0.0
hasilnyaa,0,0.0
hatu,0,0.0
haul,0,0.0
hayati,0,0.0
hb,0,0.0
hd,0,0.0
hebohnya,0,0.0
heheheu,0,0.0
hello,0,0.0
hemangioma,0,0.0
hemat,0,0.0
her,0,0.0
hi,0,0.0
hidup,0,0.0
hidupnya,0,0.0
higlight,0,0.0
hijab,0,0.0
hilang,0,0.0
hilangeeh,0,0.0
hilangin,0,0.0
hilangnya,0,0.0
hitambintik,0,0.0
hnya,0,0.0
hom,0,0.0
how,0,0.0
hsmya,0,0.0
hubungannya,0,0.0
hujan,0,0.0
hydrat,0,0.0
if,0,0.0
ilmu,0,0.0
ilmunytiba,0,0.0
in,0,0.0
indpnesia,0,0.0
inez,0,0.0
infonya,0,0.0
inii,0,0.0
instaperpect,0,0.0
intinya,0,0.0
iri,0,0.0
iritlah,0,0.0
is,0,0.0
isi,0,0.0
istrinya,0,0.0
it,0,0.0
itu,0,0.0
iya,0,0.0
iyu,0,0.0
izin,0,0.0
jadi,0,0.0
jadii,0,0.0
jafra,0,0.0
jakarta,0,0.0
jamannya,0,0.0
janda,0,0.0
janji,0,0.0
jaquel,0,0.0
jatuhnya,0,0.0
jawa,0,0.0
jawab,0,0.0
jawabanyaa,0,0.0
jawapan,0,0.0
jawwbannya,0,0.0
jdii,0,0.0
jeda,0,0.0
jelas,0,0.0
jerawatan,0,0.0
jerawatku,0,0.0
jerawatnya,0,0.0
jeruk,0,0.0
jeun,0,0.0
jj,0,0.0
jngka,0,0.0
jualan,0,0.0
jualnya,0,0.0
jugakan,0,0.0
jump,0,0.0
jurhat,0,0.0
just,0,0.0
jwab,0,0.0
kaaaaa,0,0.0
kaaaak,0,0.0
kaaak,0,0.0
kabupaten,0,0.0
kacamata,0,0.0
kakkalo,0,0.0
kakreview,0,0.0
kaksoalni,0,0.0
kaktru,0,0.0
kamau,0,0.0
kandungan,0,0.0
kantongmatayg,0,0.0
kapankapan,0,0.0
kapoknya,0,0.0
kasi,0,0.0
kasusnya,0,0.0
kayaknya,0,0.0
kayanya,0,0.0
kayk,0,0.0
keanginan,0,0.0
keata,0,0.0
kebacotan,0,0.0
kebangetan,0,0.0
kebanyakan,0,0.0
kebe,0,0.0
kebelah,0,0.0
kebenaran,0,0.0
kebuka,0,0.0
kebutuhan,0,0.0
kecamatan,0,0.0
kecantikan,0,0.0
kecil,0,0.0
kecilan,0,0.0
kecintaan,0,0.0
kedutan,0,0.0
kegelapan,0,0.0
keguyur,0,0.0
kekondangan,0,0.0
kekun,0,0.0
kekuningan,0,0.0
kekurangan,0,0.0
kelak,0,0.0
keli,0,0.0
kelli,0,0.0
kelopak,0,0.0
keluh,0,0.0
keluhan,0,0.0
kemanisan,0,0.0
kemas,0,0.0
kemasan,0,0.0
kembang,0,0.0
kembar,0,0.0
kembarannya,0,0.0
kemerahan,0,0.0
kemuka,0,0.0
ken,0,0.0
kepala,0,0.0
kepanjangan,0,0.0
kepepet,0,0.0
kepo,0,0.0
keracunan,0,0.0
kerasa,0,0.0
kerengak,0,0.0
keresahan,0,0.0
keringatan,0,0.0
keringku,0,0.0
keringnya,0,0.0
kerja,0,0.0
kerjaan,0,0.0
kerudungnya,0,0.0
kerutan,0,0.0
kesani,0,0.0
kesannya,0,0.0
kesinii,0,0.0
ketarik,0,0.0
ketebalan,0,0.0
keterangan,0,0.0
keterusan,0,0.0
ketiga,0,0.0
ketinggian,0,0.0
ketutup,0,0.0
kewanitaan,0,0.0
kh,0,0.0
khusu,0,0.0
kimuse,0,0.0
kipa,0,0.0
kit,0,0.0
kjoel,0,0.0
kkklo,0,0.0
klinikkecantikanathena,0,0.0
kluar,0,0.0
kn,0,0.0
kokbagu,0,0.0
komedonya,0,0.0
komentar,0,0.0
konsepnya,0,0.0
konsul,0,0.0
kontenya,0,0.0
kopi,0,0.0
kosmetik,0,0.0
kpn,0,0.0
kream,0,0.0
krem,0,0.0
kriman,0,0.0
krliatan,0,0.0
ksih,0,0.0
ktni,0,0.0
ktuga,0,0.0
kualitasnya,0,0.0
kuasjd,0,0.0
kubuang,0,0.0
kukit,0,0.0
kukunya,0,0.0
kulitku,0,0.0
kulitnya,0,0.0
kulkaswajah,0,0.0
kunig,0,0.0
kunyit,0,0.0
kureng,0,0.0
kusuka,0,0.0
kya,0,0.0
lagsung,0,0.0
lain,0,0.0
lakilaki,0,0.0
lameilaaa,0,0.0
langganan,0,0.0
lantaran,0,0.0
lapisi,0,0.0
latihn,0,0.0
latulif,0,0.0
latulip,0,0.0
latulipnya,0,0.0
lauder,0,0.0
lazada,0,0.0
lebar,0,0.0
lebat,0,0.0
lebih,0,0.0
lee,0,0.0
lembab,0,0.0
lemon,0,0.0
lengketnya,0,0.0
lgi,0,0.0
lhkok,0,0.0
liat,0,0.0
liatnya,0,0.0
liburan,0,0.0
lihat,0,0.0
lihatnya,0,0.0
likuid,0,0.0
line,0,0.0
linknya,0,0.0
lipstiknya,0,0.0
liquin,0,0.0
ll,0,0.0
look,0,0.0
loos,0,0.0
lose,0,0.0
love,0,0.0
luka,0,0.0
luki,0,0.0
lulit,0,0.0
lum,0,0.0
lumecolor,0,0.0
lupuspak,0,0.0
lurus,0,0.0
ma,0,0.0
maap,0,0.0
maawar,0,0.0
mack,0,0.0
mad,0,0.0
madam,0,0.0
madamegi,0,0.0
madamgi,0,0.0
madformakeup,0,0.0
madu,0,0.0
mahasiswa,0,0.0
mahu,0,0.0
majli,0,0.0
makai,0,0.0
makanan,0,0.0
makanpun,0,0.0
makasi,0,0.0
makek,0,0.0
makeoverr,0,0.0
makeupan,0,0.0
makhluk,0,0.0
maksudnya,0,0.0
malm,0,0.0
mampudok,0,0.0
mananya,0,0.0
manfaatnya,0,0.0
mantap,0,0.0
marck,0,0.0
marcksh,0,0.0
marina,0,0.0
markc,0,0.0
marsk,0,0.0
maskaranya,0,0.0
maskeran,0,0.0
masok,0,0.0
masyarakat,0,0.0
mataku,0,0.0
matanya,0,0.0
mateng,0,0.0
mau,0,0.0
mauv,0,0.0
maxi,0,0.0
may,0,0.0
mb,0,0.0
mbaknya,0,0.0
mbradil,0,0.0
me,0,0.0
meja,0,0.0
mekapnya,0,0.0
mekup,0,0.0
melahir,0,0.0
melanda,0,0.0
melebar,0,0.0
melejit,0,0.0
melenceng,0,0.0
memakai,0,0.0
memanipulasi,0,0.0
memb,0,0.0
membaik,0,0.0
membangun,0,0.0
membantu,0,0.0
memudar,0,0.0
menahun,0,0.0
mencapai,0,0.0
mencerah,0,0.0
mendempul,0,0.0
mendingan,0,0.0
menempel,0,0.0
meng,0,0.0
mengagumi,0,0.0
mengalami,0,0.0
mengandung,0,0.0
mengangkat,0,0.0
mengelupa,0,0.0
menggelap,0,0.0
menggump,0,0.0
menghilang,0,0.0
menghilangka,0,0.0
menghitam,0,0.0
mengkerut,0,0.0
mengurangi,0,0.0
menipu,0,0.0
menjerit,0,0.0
menjulang,0,0.0
menurutku,0,0.0
menutupi,0,0.0
menyatu,0,0.0
menyelam,0,0.0
menyelamatkan,0,0.0
menyerap,0,0.0
meracik,0,0.0
meradang,0,0.0
merahan,0,0.0
merahh,0,0.0
mercuri,0,0.0
mereda,0,0.0
merek,0,0.0
meresap,0,0.0
meriah,0,0.0
merubah,0,0.0
merusak,0,0.0
meta,0,0.0
mexelar,0,0.0
mh,0,0.0
mikirin,0,0.0
milki,0,0.0
min,0,0.0
minder,0,0.0
minggir,0,0.0
minggu,0,0.0
mingguan,0,0.0
minit,0,0.0
mintk,0,0.0
minyakan,0,0.0
minyaknya,0,0.0
mir,0,0.0
mira,0,0.0
misalni,0,0.0
miss,0,0.0
mist,0,0.0
mk,0,0.0
mkash,0,0.0
mkeknya,0,0.0
mksh,0,0.0
mksimalnya,0,0.0
mlah,0,0.0
mlmterahir,0,0.0
mn,0,0.0
mna,0,0.0
mngknya,0,0.0
modal,0,0.0
modelnya,0,0.0
mohhon,0,0.0
mohon,0,0.0
moistarej,0,0.0
mostur,0,0.0
mouistur,0,0.0
mrk,0,0.0
msglow,0,0.0
mslh,0,0.0
mu,0,0.0
mudaan,0,0.0
mudahan,0,0.0
mufe,0,0.0
muka,0,0.0
mukaku,0,0.0
mukanya,0,0.0
mukku,0,0.0
mulutnya,0,0.0
mungkinoleskn,0,0.0
murni,0,0.0
musiknya,0,0.0
musti,0,0.0
my,0,0.0
nafkah,0,0.0
nahda,0,0.0
naikin,0,0.0
nak,0,0.0
namanya,0,0.0
nanah,0,0.0
nangi,0,0.0
nanyaa,0,0.0
nanyaakan,0,0.0
nanyaamis,0,0.0
nanyakklo,0,0.0
naua,0,0.0
navagrin,0,0.0
ndak,0,0.0
ngambang,0,0.0
ngamuk,0,0.0
nganclo,0,0.0
nganggur,0,0.0
ngangkat,0,0.0
ngantuk,0,0.0
ngaruh,0,0.0
ngaruhh,0,0.0
ngasal,0,0.0
ngasih,0,0.0
ngatasin,0,0.0
ngatasinya,0,0.0
nge,0,0.0
ngebantu,0,0.0
ngeblend,0,0.0
ngebul,0,0.0
ngecilin,0,0.0
ngedempul,0,0.0
ngefek,0,0.0
ngegumpel,0,0.0
ngekrekso,0,0.0
ngelopek,0,0.0
ngeluarin,0,0.0
ngeluh,0,0.0
ngelupa,0,0.0
ngelupass,0,0.0
ngemakeup,0,0.0
ngenenangin,0,0.0
ngepeel,0,0.0
ngerasa,0,0.0
ngeratain,0,0.0
ngereviewnya,0,0.0
ngeriiiiiiii,0,0.0
ngeringin,0,0.0
ngerti,0,0.0
ngerusak,0,0.0
ngeselin,0,0.0
ngeset,0,0.0
ngetawain,0,0.0
ngfan,0,0.0
ngga,0,0.0
nggk,0,0.0
ngikutin,0,0.0
ngilang,0,0.0
ngilangin,0,0.0
ngilangnkan,0,0.0
ngingetin,0,0.0
ngipa,0,0.0
ngira,0,0.0
ngitem,0,0.0
ngk,0,0.0
ngmgnya,0,0.0
ngobrol,0,0.0
ngoceh,0,0.0
ngomong,0,0.0
ngomongin,0,0.0
ngomongni,0,0.0
ngomongnya,0,0.0
ngomongnyaaaaaaaaaaa,0,0.0
ngomonh,0,0.0
ngonteennya,0,0.0
ngontennya,0,0.0
ngrasa,0,0.0
ngreview,0,0.0
ngsih,0,0.0
ngucur,0,0.0
ngumpul,0,0.0
ngura,0,0.0
ngurangin,0,0.0
ngurusnya,0,0.0
nha,0,0.0
ni,0,0.0
niacinamd,0,0.0
niacinamid,0,0.0
niacinamidenya,0,0.0
niacinmd,0,0.0
niatnya,0,0.0
nice,0,0.0
nie,0,0.0
night,0,0.0
nih,0,0.0
nihh,0,0.0
nihhhh,0,0.0
nihjustru,0,0.0
nii,0,0.0
nikahan,0,0.0
nimbulin,0,0.0
ningkat,0,0.0
nitip,0,0.0
nivea,0,0.0
nm,0,0.0
nntn,0,0.0
nnton,0,0.0
nnya,0,0.0
no,0,0.0
noda,0,0.0
nomer,0,0.0
nomor,0,0.0
non,0,0.0
nona,0,0.0
nongol,0,0.0
nonton,0,0.0
normal,0,0.0
normaldri,0,0.0
not,0,0.0
notaben,0,0.0
notic,0,0.0
ntah,0,0.0
ntahlah,0,0.0
nth,0,0.0
nton,0,0.0
nude,0,0.0
nufac,0,0.0
numbuh,0,0.0
numpuk,0,0.0
nunggu,0,0.0
nungguin,0,0.0
nuntut,0,0.0
nus,0,0.0
nusuk,0,0.0
nutup,0,0.0
nutupin,0,0.0
ny,0,0.0
nya,0,0.0
nyaa,0,0.0
nyaaa,0,0.0
nyaaaa,0,0.0
nyaaku,0,0.0
nyablakkkk,0,0.0
nyadar,0,0.0
nyalahin,0,0.0
nyaman,0,0.0
nyamp,0,0.0
nyampurnya,0,0.0
nyari,0,0.0
nyatrim,0,0.0
nyatu,0,0.0
nyedot,0,0.0
nyengat,0,0.0
nyerah,0,0.0
nyerahin,0,0.0
nyesel,0,0.0
nyicil,0,0.0
nyimak,0,0.0
nykeliatan,0,0.0
nyoba,0,0.0
nyobain,0,0.0
nyobak,0,0.0
nyokap,0,0.0
nyoman,0,0.0
nyonya,0,0.0
nyuruh,0,0.0
nyx,0,0.0
oadah,0,0.0
obat,0,0.0
obataku,0,0.0
obatnya,0,0.0
ocehan,0,0.0
oeang,0,0.0
of,0,0.0
ohh,0,0.0
oil,0,0.0
oili,0,0.0
oilpernah,0,0.0
oilyku,0,0.0
oilyporinyaa,0,0.0
oke,0,0.0
okronosi,0,0.0
oksidasi,0,0.0
oksidasinya,0,0.0
olay,0,0.0
oldnavyy,0,0.0
olin,0,0.0
oliv,0,0.0
omaygad,0,0.0
ombr,0,0.0
omg,0,0.0
omggg,0,0.0
omgggg,0,0.0
on,0,0.0
onlin,0,0.0
opinion,0,0.0
oprasi,0,0.0
or,0,0.0
orang,0,0.0
org,0,0.0
ori,0,0.0
oriflam,0,0.0
origin,0,0.0
originot,0,0.0
orng,0,0.0
ortu,0,0.0
ot,0,0.0
otw,0,0.0
our,0,0.0
out,0,0.0
outdoor,0,0.0
over,0,0.0
overpric,0,0.0
owen,0,0.0
oxid,0,0.0
oxidasi,0,0.0
oy,0,0.0
pa,0,0.0
pack,0,0.0
packag,0,0.0
packagingku,0,0.0
packagingnya,0,0.0
padahalitu,0,0.0
padamu,0,0.0
padat,0,0.0
padatbedak,0,0.0
padattabur,0,0.0
padattaburmakasih,0,0.0
padet,0,0.0
pagi,0,0.0
paham,0,0.0
pajangan,0,0.0
pakai,0,0.0
pakainya,0,0.0
pakaitapi,0,0.0
pakay,0,0.0
pake,0,0.0
pakeee,0,0.0
pakek,0,0.0
pakekarena,0,0.0
pakekharu,0,0.0
pakenya,0,0.0
paket,0,0.0
paketan,0,0.0
pakex,0,0.0
pakk,0,0.0
pakr,0,0.0
palagi,0,0.0
palembang,0,0.0
palett,0,0.0
pana,0,0.0
panaaaa,0,0.0
pandemi,0,0.0
panjan,0,0.0
panjangin,0,0.0
pant,0,0.0
panutan,0,0.0
papa,0,0.0
paraaah,0,0.0
paraahh,0,0.0
parah,0,0.0
parahh,0,0.0
parahhh,0,0.0
parahhhh,0,0.0
parahhhhhh,0,0.0
park,0,0.0
partikel,0,0.0
pasaran,0,0.0
pass,0,0.0
past,0,0.0
pastiin,0,0.0
patah,0,0.0
patchi,0,0.0
patut,0,0.0
pc,0,0.0
pd,0,0.0
pda,0,0.0
pdam,0,0.0
pdhal,0,0.0
pdhl,0,0.0
peachi,0,0.0
pearli,0,0.0
peau,0,0.0
pecah,0,0.0
pede,0,0.0
pedih,0,0.0
peel,0,0.0
pegion,0,0.0
pejuang,0,0.0
peke,0,0.0
pelajar,0,0.0
pelembab,0,0.0
pelembabnya,0,0.0
pemakaian,0,0.0
pemakain,0,0.0
pemakaiyan,0,0.0
pemakayan,0,0.0
pemula,0,0.0
pen,0,0.0
penampilanya,0,0.0
penasaran,0,0.0
penasarann,0,0.0
pencerah,0,0.0
pencuci,0,0.0
pendek,0,0.0
pendekin,0,0.0
pendukung,0,0.0
pene,0,0.0
pengantin,0,0.0
pengeluaran,0,0.0
penghilang,0,0.0
pengin,0,0.0
penni,0,0.0
penuh,0,0.0
penyakit,0,0.0
penyegar,0,0.0
penyelamat,0,0.0
peopl,0,0.0
peratma,0,0.0
perbaikin,0,0.0
percaya,0,0.0
percya,0,0.0
perfect,0,0.0
performa,0,0.0
pergi,0,0.0
pergian,0,0.0
perih,0,0.0
perihpadah,0,0.0
periksa,0,0.0
peripera,0,0.0
perlahan,0,0.0
perlindungan,0,0.0
perlua,0,0.0
pernh,0,0.0
perproduk,0,0.0
persentasenya,0,0.0
pershad,0,0.0
persi,0,0.0
person,0,0.0
perspektif,0,0.0
pertimbangan,0,0.0
pesannya,0,0.0
pesta,0,0.0
petunjuknya,0,0.0
pgn,0,0.0
phenoxyethanol,0,0.0
physic,0,0.0
pidio,0,0.0
pie,0,0.0
pigeon,0,0.0
pigment,0,0.0
pikir,0,0.0
pikpiw,0,0.0
pilih,0,0.0
pilihan,0,0.0
pindah,0,0.0
pindahin,0,0.0
ping,0,0.0
pinggir,0,0.0
pingin,0,0.0
pingsan,0,0.0
pink,0,0.0
pinkflash,0,0.0
pinki,0,0.0
pinknya,0,0.0
pinter,0,0.0
pipi,0,0.0
pisan,0,0.0
pixi,0,0.0
pk,0,0.0
pkai,0,0.0
pke,0,0.0
pkein,0,0.0
pkek,0,0.0
pkeq,0,0.0
pkk,0,0.0
pknya,0,0.0
pkonyaa,0,0.0
pl,0,0.0
place,0,0.0
plastik,0,0.0
pleas,0,0.0
pleaseee,0,0.0
pleass,0,0.0
pli,0,0.0
pling,0,0.0
plisss,0,0.0
plu,0,0.0
plumpynya,0,0.0
pm,0,0.0
pngn,0,0.0
pngnkunsultasi,0,0.0
pntinh,0,0.0
point,0,0.0
pokok,0,0.0
pokokni,0,0.0
pokoknya,0,0.0
pokonya,0,0.0
pokonyaa,0,0.0
pol,0,0.0
politik,0,0.0
pom,0,0.0
pond,0,0.0
pondacin,0,0.0
popok,0,0.0
porem,0,0.0
pori,0,0.0
poriku,0,0.0
porinya,0,0.0
pormiz,0,0.0
posisi,0,0.0
positif,0,0.0
pot,0,0.0
potong,0,0.0
powder,0,0.0
powderi,0,0.0
powdernya,0,0.0
power,0,0.0
powerstay,0,0.0
prelov,0,0.0
present,0,0.0
pretiiiiiiii,0,0.0
pretti,0,0.0
price,0,0.0
prima,0,0.0
prime,0,0.0
primer,0,0.0
primerku,0,0.0
primernya,0,0.0
prnh,0,0.0
probeauti,0,0.0
probeuti,0,0.0
prodak,0,0.0
prodaknya,0,0.0
product,0,0.0
produk,0,0.0
produknaamaaph,0,0.0
produknya,0,0.0
produknyatp,0,0.0
profesion,0,0.0
progresnya,0,0.0
progressnya,0,0.0
prone,0,0.0
proneku,0,0.0
propolisalhamdulillah,0,0.0
prosnya,0,0.0
proteksinya,0,0.0
prustasi,0,0.0
psti,0,0.0
pt,0,0.0
pua,0,0.0
puass,0,0.0
puber,0,0.0
pucet,0,0.0
pudar,0,0.0
pul,0,0.0
pulak,0,0.0
puli,0,0.0
pulih,0,0.0
puluhan,0,0.0
pumpnya,0,0.0
punyaku,0,0.0
puoll,0,0.0
purbasari,0,0.0
purchas,0,0.0
purg,0,0.0
purifi,0,0.0
purpl,0,0.0
puse,0,0.0
putih,0,0.0
putihdan,0,0.0
pyunkang,0,0.0
qlo,0,0.0
qta,0,0.0
qu,0,0.0
racikan,0,0.0
racun,0,0.0
racunin,0,0.0
racunnnnn,0,0.0
racuuunn,0,0.0
rad,0,0.0
rada,0,0.0
radiant,0,0.0
rajawetan,0,0.0
rajin,0,0.0
ramah,0,0.0
rambut,0,0.0
rambutnya,0,0.0
rambutnyaaa,0,0.0
rang,0,0.0
rangkaian,0,0.0
rangkaiannya,0,0.0
rapi,0,0.0
rare,0,0.0
rasain,0,0.0
ratu,0,0.0
rb,0,0.0
rd,0,0.0
readi,0,0.0
reaksi,0,0.0
reaksinya,0,0.0
real,0,0.0
realli,0,0.0
reappli,0,0.0
rebu,0,0.0
recom,0,0.0
recomend,0,0.0
recommend,0,0.0
recreat,0,0.0
red,0,0.0
reda,0,0.0
redflag,0,0.0
refil,0,0.0
refin,0,0.0
regular,0,0.0
rekomen,0,0.0
rekomendasi,0,0.0
rekomendasiin,0,0.0
rekomendasikan,0,0.0
rekomendasinya,0,0.0
relat,0,0.0
releas,0,0.0
remaja,0,0.0
remov,0,0.0
rempong,0,0.0
rendah,0,0.0
renti,0,0.0
repot,0,0.0
repurcas,0,0.0
repurchas,0,0.0
resap,0,0.0
rese,0,0.0
resep,0,0.0
resolusi,0,0.0
respon,0,0.0
result,0,0.0
retak,0,0.0
retinol,0,0.0
retinolnya,0,0.0
reveu,0,0.0
revew,0,0.0
review,0,0.0
reviewnya,0,0.0
reviewnyaa,0,0.0
revieww,0,0.0
rezeki,0,0.0
ria,0,0.0
rias,0,0.0
riasan,0,0.0
ribet,0,0.0
ribuan,0,0.0
ribuml,0,0.0
rica,0,0.0
ricard,0,0.0
ricat,0,0.0
richard,0,0.0
ricrd,0,0.0
rievew,0,0.0
right,0,0.0
rihana,0,0.0
rihanna,0,0.0
riki,0,0.0
rili,0,0.0
ringan,0,0.0
ringangpp,0,0.0
risih,0,0.0
riveuw,0,0.0
riview,0,0.0
riviewni,0,0.0
rivio,0,0.0
riviu,0,0.0
rk,0,0.0
rmbt,0,0.0
rmbut,0,0.0
ro,0,0.0
rocher,0,0.0
romnd,0,0.0
ropiah,0,0.0
ropiahdesa,0,0.0
rosacea,0,0.0
rose,0,0.0
rp,0,0.0
rr,0,0.0
ruhan,0,0.0
rumah,0,0.0
rumit,0,0.0
rusak,0,0.0
rutin,0,0.0
sabar,0,0.0
sabun,0,0.0
sad,0,0.0
sadar,0,0.0
safi,0,0.0
safiku,0,0.0
safron,0,0.0
sajatapi,0,0.0
sak,0,0.0
sake,0,0.0
sakit,0,0.0
sakitnya,0,0.0
salah,0,0.0
salahin,0,0.0
salam,0,0.0
salfok,0,0.0
salfokk,0,0.0
salicyl,0,0.0
salmon,0,0.0
salon,0,0.0
saluran,0,0.0
sam,0,0.0
sama,0,0.0
samaaa,0,0.0
samaan,0,0.0
samasama,0,0.0
same,0,0.0
samp,0,0.0
sampah,0,0.0
sampek,0,0.0
sampl,0,0.0
samsek,0,0.0
san,0,0.0
sananya,0,0.0
sangaaat,0,0.0
sangk,0,0.0
santai,0,0.0
saran,0,0.0
saranin,0,0.0
sarannya,0,0.0
sari,0,0.0
sariayu,0,0.0
sartika,0,0.0
satulagi,0,0.0
satunya,0,0.0
satusatu,0,0.0
savag,0,0.0
sawo,0,0.0
say,0,0.0
sayaa,0,0.0
sayama,0,0.0
sayang,0,0.0
sayangnya,0,0.0
sbab,0,0.0
sbb,0,0.0
sbelum,0,0.0
sbg,0,0.0
sblm,0,0.0
sblmnya,0,0.0
scare,0,0.0
scarlet,0,0.0
scarlett,0,0.0
scinker,0,0.0
scralrett,0,0.0
screen,0,0.0
scrub,0,0.0
sd,0,0.0
sda,0,0.0
sdah,0,0.0
sdg,0,0.0
sdh,0,0.0
sdm,0,0.0
sea,0,0.0
seampuh,0,0.0
search,0,0.0
sebab,0,0.0
sebagu,0,0.0
sebel,0,0.0
sebelah,0,0.0
sebelumni,0,0.0
sebenernya,0,0.0
sebulan,0,0.0
sebutin,0,0.0
secantik,0,0.0
secercah,0,0.0
secink,0,0.0
secinta,0,0.0
secintaaa,0,0.0
second,0,0.0
sedap,0,0.0
sedih,0,0.0
segar,0,0.0
segel,0,0.0
segendul,0,0.0
segeran,0,0.0
seh,0,0.0
sehabi,0,0.0
sehari,0,0.0
seharidua,0,0.0
seharihari,0,0.0
sehat,0,0.0
sehatt,0,0.0
sehhhh,0,0.0
sejahtera,0,0.0
sejela,0,0.0
sejele,0,0.0
sejuta,0,0.0
sekaarang,0,0.0
sekalii,0,0.0
sekarsng,0,0.0
sekinc,0,0.0
sekolah,0,0.0
sekrang,0,0.0
selangkangan,0,0.0
selebgram,0,0.0
selesai,0,0.0
seller,0,0.0
sellu,0,0.0
semah,0,0.0
semangat,0,0.0
sembarang,0,0.0
sembuh,0,0.0
sembuhnya,0,0.0
semenjak,0,0.0
seminggu,0,0.0
semingu,0,0.0
semoga,0,0.0
sempet,0,0.0
semuaaa,0,0.0
semuka,0,0.0
semurah,0,0.0
senang,0,0.0
seneng,0,0.0
senengggg,0,0.0
sengaruh,0,0.0
senka,0,0.0
seno,0,0.0
sensiacn,0,0.0
sensitif,0,0.0
senyum,0,0.0
sepaket,0,0.0
serasa,0,0.0
serendah,0,0.0
seret,0,0.0
seri,0,0.0
seringin,0,0.0
seriu,0,0.0
seriusan,0,0.0
seriusni,0,0.0
seriuuusss,0,0.0
seru,0,0.0
serum,0,0.0
serumnya,0,0.0
seruni,0,0.0
seruu,0,0.0
sesensitif,0,0.0
seser,0,0.0
sesuai,0,0.0
set,0,0.0
setahun,0,0.0
setan,0,0.0
setia,0,0.0
setiaaa,0,0.0
setip,0,0.0
setlh,0,0.0
setuju,0,0.0
setujuuu,0,0.0
sgt,0,0.0
sh,0,0.0
shade,0,0.0
shadenya,0,0.0
shadow,0,0.0
share,0,0.0
sheet,0,0.0
sheetmask,0,0.0
shock,0,0.0
sholat,0,0.0
shoop,0,0.0
shop,0,0.0
shope,0,0.0
si,0,0.0
sial,0,0.0
siang,0,0.0
siangnya,0,0.0
sich,0,0.0
sih,0,0.0
sihh,0,0.0
sihhh,0,0.0
sihhhhh,0,0.0
sihkpan,0,0.0
siiapalagi,0,0.0
simpen,0,0.0
sinar,0,0.0
sine,0,0.0
sipit,0,0.0
sisa,0,0.0
sisi,0,0.0
sist,0,0.0
size,0,0.0
sj,0,0.0
sja,0,0.0
ska,0,0.0
skarang,0,0.0
skg,0,0.0
ski,0,0.0
skin,0,0.0
skinaqua,0,0.0
skinbarriernya,0,0.0
skincar,0,0.0
skincarean,0,0.0
skincarenya,0,0.0
skincareranaman,0,0.0
skinceran,0,0.0
skinker,0,0.0
skinkernya,0,0.0
skinn,0,0.0
skintif,0,0.0
skintint,0,0.0
skinton,0,0.0
skip,0,0.0
skli,0,0.0
skn,0,0.0
skr,0,0.0
skrang,0,0.0
skrg,0,0.0
skrng,0,0.0
skrpake,0,0.0
skz,0,0.0
slaah,0,0.0
slah,0,0.0
slalu,0,0.0
sleep,0,0.0
slh,0,0.0
sliweran,0,0.0
sll,0,0.0
sllu,0,0.0
slsosi,0,0.0
sm,0,0.0
sma,0,0.0
smaaa,0,0.0
smasaya,0,0.0
smbuh,0,0.0
smile,0,0.0
smngt,0,0.0
smntr,0,0.0
smoga,0,0.0
smp,0,0.0
smpai,0,0.0
smpe,0,0.0
smua,0,0.0
smuani,0,0.0
smuanya,0,0.0
snail,0,0.0
sngt,0,0.0
so,0,0.0
soala,0,0.0
soalni,0,0.0
soalnnya,0,0.0
soalnyaa,0,0.0
soap,0,0.0
sodara,0,0.0
soflen,0,0.0
soflent,0,0.0
soft,0,0.0
soften,0,0.0
softlan,0,0.0
softlen,0,0.0
softlens,0,0.0
softlensnyaa,0,0.0
sok,0,0.0
solusi,0,0.0
solusinya,0,0.0
some,0,0.0
somebi,0,0.0
somebym,0,0.0
somehow,0,0.0
someth,0,0.0
somethinc,0,0.0
somethink,0,0.0
soooo,0,0.0
sooth,0,0.0
sore,0,0.0
sosm,0,0.0
sosmetaman,0,0.0
sparkli,0,0.0
speak,0,0.0
spf,0,0.0
spi,0,0.0
spil,0,0.0
spill,0,0.0
sponnya,0,0.0
spotless,0,0.0
sppuku,0,0.0
spray,0,0.0
sprout,0,0.0
sprti,0,0.0
spt,0,0.0
ss,0,0.0
ssh,0,0.0
stabil,0,0.0
stain,0,0.0
standart,0,0.0
starchnya,0,0.0
stay,0,0.0
stelah,0,0.0
step,0,0.0
stepnya,0,0.0
stiap,0,0.0
stick,0,0.0
stiker,0,0.0
stlh,0,0.0
stop,0,0.0
stre,0,0.0
stress,0,0.0
stretchmark,0,0.0
strip,0,0.0
style,0,0.0
suami,0,0.0
suamiku,0,0.0
suaranya,0,0.0
suaranyaaa,0,0.0
sub,0,0.0
subscrib,0,0.0
succs,0,0.0
suhay,0,0.0
suhayi,0,0.0
suhaylah,0,0.0
suka,0,0.0
sukaa,0,0.0
sukaaa,0,0.0
sukaaaa,0,0.0
sukaalangsung,0,0.0
sukak,0,0.0
sukakkk,0,0.0
sukasemangat,0,0.0
suks,0,0.0
sulit,0,0.0
sumpah,0,0.0
sumpahh,0,0.0
sun,0,0.0
suncreen,0,0.0
suncren,0,0.0
sungguh,0,0.0
sunisa,0,0.0
sunscream,0,0.0
sunscrean,0,0.0
sunscreanya,0,0.0
sunscreen,0,0.0
sunscreennya,0,0.0
sunscrem,0,0.0
sunscren,0,0.0
sunscrendtunggu,0,0.0
sunscrin,0,0.0
super,0,0.0
sure,0,0.0
susah,0,0.0
suscreen,0,0.0
suspici,0,0.0
susu,0,0.0
sv,0,0.0
svmi,0,0.0
swatch,0,0.0
sy,0,0.0
sya,0,0.0
syaa,0,0.0
syantiq,0,0.0
syca,0,0.0
syg,0,0.0
sympahh,0,0.0
symwhit,0,0.0
syukaaaaa,0,0.0
syukur,0,0.0
syukurnya,0,0.0
tabarakallah,0,0.0
tabu,0,0.0
tabur,0,0.0
taburday,0,0.0
taburku,0,0.0
taburkusam,0,0.0
taburnya,0,0.0
tadiii,0,0.0
tah,0,0.0
tahan,0,0.0
tahapnya,0,0.0
tahu,0,0.0
takut,0,0.0
takutnya,0,0.0
talc,0,0.0
tambahan,0,0.0
tambh,0,0.0
tampilannya,0,0.0
tangan,0,0.0
tanggal,0,0.0
tant,0,0.0
tantain,0,0.0
tap,0,0.0
tapii,0,0.0
tapiiii,0,0.0
tapiiiii,0,0.0
tarik,0,0.0
tasya,0,0.0
tasyaa,0,0.0
tasyaaa,0,0.0
tasyaaaa,0,0.0
tasyaben,0,0.0
tasyafarasya,0,0.0
tasyaudah,0,0.0
tasyi,0,0.0
tata,0,0.0
tau,0,0.0
tauu,0,0.0
tawar,0,0.0
tdi,0,0.0
tdk,0,0.0
tea,0,0.0
teatrica,0,0.0
tebal,0,0.0
tebel,0,0.0
tebelberat,0,0.0
teim,0,0.0
tekniknya,0,0.0
tekstur,0,0.0
teksturnya,0,0.0
telah,0,0.0
telang,0,0.0
telt,0,0.0
teman,0,0.0
tembok,0,0.0
temen,0,0.0
temenku,0,0.0
temu,0,0.0
temukan,0,0.0
temulawak,0,0.0
temurun,0,0.0
tenang,0,0.0
tengahsaya,0,0.0
tepuk,0,0.0
ter,0,0.0
teracuni,0,0.0
terahir,0,0.0
terang,0,0.0
terangan,0,0.0
terangnya,0,0.0
terb,0,0.0
terbaiiiik,0,0.0
terbaik,0,0.0
terbata,0,0.0
terbayang,0,0.0
terbuangg,0,0.0
terburuk,0,0.0
tercantik,0,0.0
tercantum,0,0.0
tercengang,0,0.0
terendah,0,0.0
terep,0,0.0
tergoda,0,0.0
terharu,0,0.0
teriak,0,0.0
terikut,0,0.0
terima,0,0.0
terimakasih,0,0.0
terinform,0,0.0
terjangkau,0,0.0
terkejut,0,0.0
terkena,0,0.0
terlanjur,0,0.0
terlov,0,0.0
ternyataaaa,0,0.0
ternyta,0,0.0
terossssss,0,0.0
terp,0,0.0
terpaku,0,0.0
terposit,0,0.0
tertarik,0,0.0
tertipu,0,0.0
tertutup,0,0.0
terusan,0,0.0
teruskan,0,0.0
teruss,0,0.0
terusterusan,0,0.0
test,0,0.0
tetanggaku,0,0.0
teteap,0,0.0
tetep,0,0.0
teuteup,0,0.0
textur,0,0.0
tgh,0,0.0
th,0,0.0
thank,0,0.0
thanku,0,0.0
thankyou,0,0.0
that,0,0.0
the,0,0.0
they,0,0.0
thi,0,0.0
think,0,0.0
thk,0,0.0
thn,0,0.0
thought,0,0.0
thuffail,0,0.0
thumbnail,0,0.0
thx,0,0.0
tiada,0,0.0
tiap,0,0.0
tibatiba,0,0.0
tica,0,0.0
tidur,0,0.0
tiganya,0,0.0
tiktok,0,0.0
tim,0,0.0
timbul,0,0.0
timpa,0,0.0
tinggal,0,0.0
tingkat,0,0.0
tingkatin,0,0.0
tint,0,0.0
tip,0,0.0
tipe,0,0.0
tiper,0,0.0
tipi,0,0.0
tipik,0,0.0
tipsnya,0,0.0
tirtir,0,0.0
titanium,0,0.0
titiknya,0,0.0
tk,0,0.0
tkt,0,0.0
tkut,0,0.0
tlg,0,0.0
tlong,0,0.0
tmbah,0,0.0
tmbh,0,0.0
tmn,0,0.0
tmpatku,0,0.0
tnya,0,0.0
to,0,0.0
tokcer,0,0.0
toko,0,0.0
tone,0,0.0
toner,0,0.0
tonerday,0,0.0
tonerni,0,0.0
tonernya,0,0.0
tonernyaaaa,0,0.0
tonerserum,0,0.0
tonjong,0,0.0
tonner,0,0.0
too,0,0.0
top,0,0.0
topadah,0,0.0
topp,0,0.0
total,0,0.0
totol,0,0.0
touch,0,0.0
tp,0,0.0
tpi,0,0.0
tq,0,0.0
tr,0,0.0
tradision,0,0.0
train,0,0.0
trand,0,0.0
transfer,0,0.0
transluc,0,0.0
trash,0,0.0
trauma,0,0.0
traumati,0,0.0
travelingsooo,0,0.0
trea,0,0.0
treatmentmuka,0,0.0
tree,0,0.0
triak,0,0.0
trial,0,0.0
trica,0,0.0
trik,0,0.0
trima,0,0.0
trimakasih,0,0.0
trimkasih,0,0.0
trimsss,0,0.0
trlalu,0,0.0
trll,0,0.0
tro,0,0.0
trsg,0,0.0
tru,0,0.0
true,0,0.0
truecica,0,0.0
truee,0,0.0
trust,0,0.0
tsya,0,0.0
tt,0,0.0
ttp,0,0.0
tu,0,0.0
tua,0,0.0
tube,0,0.0
tuch,0,0.0
tuga,0,0.0
tuh,0,0.0
tuhan,0,0.0
tuk,0,0.0
tumbuh,0,0.0
tumpah,0,0.0
tunggu,0,0.0
turn,0,0.0
turun,0,0.0
turuntemurun,0,0.0
tutor,0,0.0
tutori,0,0.0
tutorialnya,0,0.0
tutup,0,0.0
tuu,0,0.0
twc,0,0.0
twitter,0,0.0
two,0,0.0
twowaycak,0,0.0
type,0,0.0
uang,0,0.0
uangku,0,0.0
ubah,0,0.0
ubc,0,0.0
uda,0,0.0
udaah,0,0.0
udah,0,0.0
udara,0,0.0
udh,0,0.0
udhh,0,0.0
ukur,0,0.0
ulalaaa,0,0.0
ultima,0,0.0
ultra,0,0.0
umat,0,0.0
umur,0,0.0
umurnya,0,0.0
under,0,0.0
undertonenya,0,0.0
ungu,0,0.0
unguuuu,0,0.0
unic,0,0.0
unik,0,0.0
untk,0,0.0
untkmenghilankan,0,0.0
untukkulitk,0,0.0
untungnya,0,0.0
untuuk,0,0.0
untyk,0,0.0
up,0,0.0
upasliii,0,0.0
upnya,0,0.0
ur,0,0.0
uras,0,0.0
urself,0,0.0
urusan,0,0.0
urut,0,0.0
urutan,0,0.0
urutanx,0,0.0
usaha,0,0.0
use,0,0.0
ush,0,0.0
usia,0,0.0
usiaku,0,0.0
utah,0,0.0
utama,0,0.0
utara,0,0.0
utk,0,0.0
utng,0,0.0
utub,0,0.0
utuh,0,0.0
uu,0,0.0
uv,0,0.0
uwaaoo,0,0.0
uwu,0,0.0
validasi,0,0.0
varian,0,0.0
variannya,0,0.0
velvet,0,0.0
vera,0,0.0
versi,0,0.0
vibe,0,0.0
vico,0,0.0
vid,0,0.0
video,0,0.0
videomu,0,0.0
videonya,0,0.0
videonyaaa,0,0.0
vidieo,0,0.0
vidio,0,0.0
viksi,0,0.0
vinyl,0,0.0
viral,0,0.0
vit,0,0.0
vitamin,0,0.0
vitc,0,0.0
viva,0,0.0
vivamohon,0,0.0
vivi,0,0.0
vlog,0,0.0
vloger,0,0.0
vlogger,0,0.0
vrian,0,0.0
vs,0,0.0
waaah,0,0.0
wadah,0,0.0
wahh,0,0.0
wahhh,0,0.0
waja,0,0.0
wajah,0,0.0
wajahku,0,0.0
wajahnya,0,0.0
wajib,0,0.0
wakecout,0,0.0
walo,0,0.0
wan,0,0.0
wanginya,0,0.0
wanita,0,0.0
wardah,0,0.0
wardahtp,0,0.0
wardahtru,0,0.0
wariskan,0,0.0
warna,0,0.0
warnanya,0,0.0
warnanyaa,0,0.0
wash,0,0.0
washmoistsunscreen,0,0.0
washnya,0,0.0
watch,0,0.0
water,0,0.0
waterbas,0,0.0
waterproof,0,0.0
waterr,0,0.0
wawasan,0,0.0
way,0,0.0
wear,0,0.0
weheh,0,0.0
wehhh,0,0.0
were,0,0.0
wet,0,0.0
what,0,0.0
whi,0,0.0
white,0,0.0
whitelab,0,0.0
whiten,0,0.0
wig,0,0.0
wihh,0,0.0
wiii,0,0.0
wild,0,0.0
will,0,0.0
wing,0,0.0
wisuda,0,0.0
with,0,0.0
withen,0,0.0
wiwin,0,0.0
wjah,0,0.0
wjahku,0,0.0
wjh,0,0.0
wk,0,0.0
wktu,0,0.0
wktunya,0,0.0
wkwk,0,0.0
wkwkk,0,0.0
wkwkkw,0,0.0
wkwkw,0,0.0
wkwkwk,0,0.0
wkwkwknka,0,0.0
wkwkwkwk,0,0.0
wkwkwwk,0,0.0
wkwwk,0,0.0
woi,0,0.0
woii,0,0.0
woiii,0,0.0
wont,0,0.0
work,0,0.0
wort,0,0.0
worth,0,0.0
worthit,0,0.0
wow,0,0.0
wowo,0,0.0
wowww,0,0.0
woy,0,0.0
woyi,0,0.0
wudhu,0,0.0
xddd,0,0.0
xie,0,0.0
yaa,0,0.0
yaaa,0,0.0
yaaak,0,0.0
yaaayyy,0,0.0
yaallah,0,0.0
yaampon,0,0.0
yaampun,0,0.0
yaapk,0,0.0
yah,0,0.0
yahh,0,0.0
yahtpi,0,0.0
yahut,0,0.0
yalama,0,0.0
yamaaf,0,0.0
yasebelumnya,0,0.0
yaudah,0,0.0
ycm,0,0.0
ydah,0,0.0
ye,0,0.0
yeah,0,0.0
yeeey,0,0.0
yeh,0,0.0
yellow,0,0.0
yesss,0,0.0
yesstop,0,0.0
yeyi,0,0.0
yg,0,0.0
ygusaha,0,0.0
yh,0,0.0
yll,0,0.0
yng,0,0.0
you,0,0.0
youbay,0,0.0
youklw,0,0.0
your,0,0.0
youtub,0,0.0
youuu,0,0.0
yuhuu,0,0.0
yuja,0,0.0
yul,0,0.0
yutubnya,0,0.0
yutup,0,0.0
yve,0,0.0
yy,0,0.0
zaitun,0,0.0
zawa,0,0.0
zendaya,0,0.0
zonk,0,0.0
zoom,0,0.0
